im_name,im_url,im_product_url
Wool_Berets_Red_W08S70A,http://img1.r10.io/PIC/34737685/0/1/450/34737685.jpg,http://www.rakuten.com/prod/206249505.html
Marin_Kazi_loose_silhouette_Dolman_sleeve_knit,http://thumbnail.image.rakuten.co.jp/@0_mall/koeistore/cabinet/y10/y404.jpg?_ex=330x330,http://global.rakuten.com/en/store/koeistore/item/y404/
MARINA_RINALDI_by_MaxMara_Cammino_Dark_Wash_Denim_Skirt,http://img1.r10.io/PIC/94064359/0/1/450/94064359.jpg,http://www.rakuten.com/prod/284158958.html
Skinny_jeans_Vintage_Selvage_US_Cotton_Denim_JB0201,http://thumbnail.image.rakuten.co.jp/@0_mall/earthmarket/cabinet/00326680/2013/0201-top.jpg?_ex=330x330,http://global.rakuten.com/en/store/earthmarket/item/jb0201/
male_ankle_boots,http://img1.r10.io/PIC/94915371/0/1/450/94915371.jpg,http://www.rakuten.com/prod/284930598.html
Unisex_Chef_Coat_White,http://img1.r10.io/PIC/83455009/0/1/450/83455009.jpg,http://www.rakuten.com/prod/275310765.html
Gold_Unisex_Rectangle_Reading_Glasses,http://img1.r10.io/PIC/39823437/0/1/450/39823437.jpg,http://www.rakuten.com/prod/247342925.html
zeroUV_Optical_Quality_Horned_Rim_Clear_Lens,http://img1.r10.io/PIC/7442231/0/1/450/7442231.jpg,http://www.rakuten.com/prod/233523533.html
INC_International_Concepts_White_Button_Down_Shirt_Sport,http://img1.r10.io/PIC/99176615/0/1/450/99176615.jpg,http://www.rakuten.com/prod/288773512.html
Sterling_Silver_Round_Green_Jade_Pendant,http://img1.r10.io/PIC/47246689/0/1/450/47246689.jpg,http://www.rakuten.com/prod/217138285.html
Blazers,http://thumbnail.image.rakuten.co.jp/@0_mall/fukusumi/cabinet/fukusumi/fukusumi2/asdfaefaefeafa.jpg?_ex=330x330,http://global.rakuten.com/en/store/fukusumi/item/british-jacket01/
Skinny_Tie_Madness_Men_Red_Solid_Tie,http://img1.r10.io/PIC/107781744/0/1/450/107781744.jpg,http://www.rakuten.com/prod/296048617.html
RJ-16_order_suit,http://thumbnail.image.rakuten.co.jp/@0_mall/dolcelaby/cabinet/dl-suit/dl48aw_rj16_pic1.jpg?_ex=330x330,http://global.rakuten.com/en/store/dolcelaby/item/dl48aw_13_rj16/
United_Kingdom_lightweight_silk_blend_jacket_Blazer,http://thumbnail.image.rakuten.co.jp/@0_gold/kodawari-studio/jacket-ss/s5428-ed1_1.jpg?_ex=330x330,http://global.rakuten.com/en/store/kodawari-studio/item/s5428-ed3hor/
Tasmania_Wool_Super120,http://thumbnail.image.rakuten.co.jp/@0_mall/suits/cabinet/04172160/04275444/imgrc0066196879.gif?_ex=330x330,http://global.rakuten.com/en/store/suits/item/36123-15/
Slacks_notch_slim_men_washable_straight_business_shadow_stripe,http://thumbnail.image.rakuten.co.jp/@0_mall/otoku-shop/cabinet/bottoms/imgrc0065352844.jpg?_ex=330x330,http://global.rakuten.com/en/store/otoku-shop/item/r-azsl-18/
Inc_International_Concepts_New_Brown_Fax-Fur_Leopard_Jacket,http://img1.r10.io/PIC/109144353/0/1/450/109144353.jpg,http://www.rakuten.com/prod/297311462.html
Mexican_Fire_Opal_Earrings,http://img1.r10.io/PIC/64697419/0/1/450/64697419.jpg,http://www.rakuten.com/prod/259756667.html
Reel_Legends_Little_Boys_Uniform_Polo_Shirt,http://img1.r10.io/PIC/108346874/0/1/450/108346874.jpg,http://www.rakuten.com/prod/296608125.html
DIVINER_real_far_embroidery_wool_Melton_coat_peacoat,http://thumbnail.image.rakuten.co.jp/@0_mall/ever-green/cabinet/145/14540_01.jpg?_ex=330x330,http://global.rakuten.com/en/store/ever-green/item/10318/
Mens_Sleek_Vented_Leather_Jacket,http://img1.r10.io/PIC/98027778/0/1/450/98027778.jpg,http://www.rakuten.com/prod/287706138.html
Two-button_jacket_SUPER_SLIM_FIT,http://thumbnail.image.rakuten.co.jp/@0_mall/mb/cabinet/img83/mmja00170-90000l.jpg?_ex=330x330,http://global.rakuten.com/en/store/mb/item/-x-mmja00170-9000-x-/
JAJABOON_Crown_beret_Cap_Red,http://thumbnail.image.rakuten.co.jp/@0_mall/jajaboon/cabinet/roma/200734011.jpg?_ex=330x330,http://global.rakuten.com/en/store/jajaboon/item/40016/
Large_hats,http://thumbnail.image.rakuten.co.jp/@0_mall/auc-elehelm-hatstore/cabinet/item/42/e6200-065.jpg?_ex=330x330,http://global.rakuten.com/en/store/auc-elehelm-hatstore/item/e6200-065/
Hat_beret_Hat_ladies_beret,http://thumbnail.image.rakuten.co.jp/@0_mall/auc-elehelm-hatstore/cabinet/item/33/l6227-066.jpg?_ex=330x330,http://global.rakuten.com/en/store/auc-elehelm-hatstore/item/l6227-066/?s-id=borderless_browsehist_en
Berets_fall_winter_and_fluffy_Angola,http://thumbnail.image.rakuten.co.jp/@0_mall/auc-elehelm-hatstore/cabinet/item/38/af-10808-023_3.jpg?_ex=50x50,http://global.rakuten.com/en/store/auc-elehelm-hatstore/item/af-10808-023/?s-id=borderless_browsehist_en
Beret_Cap_Hat_ladies_and_small_short_fur,http://thumbnail.image.rakuten.co.jp/@0_mall/auc-elehelm-hatstore/cabinet/item/28/575f5044-023.jpg?_ex=330x330,http://global.rakuten.com/en/store/auc-elehelm-hatstore/item/575f5044-023/?s-id=borderless_browsehist_en
Army_beret_Hat_wool,http://thumbnail.image.rakuten.co.jp/@0_mall/auc-elehelm-hatstore/cabinet/md/wu400-065_m2.jpg?_ex=330x330,http://global.rakuten.com/en/store/auc-elehelm-hatstore/item/wu400-065/?s-id=borderless_browsehist_en
DAKS_Dax_beretscrocshe_Hat,http://thumbnail.image.rakuten.co.jp/@0_mall/auc-elehelm-hatstore/cabinet/item/39/d8874-023_1.jpg?_ex=330x330,http://global.rakuten.com/en/store/auc-elehelm-hatstore/item/d8874-023/?s-id=borderless_browsehist_en
Munsingwear,http://thumbnail.image.rakuten.co.jp/@0_mall/auc-elehelm-hatstore/cabinet/item/40/m6955-023.jpg?_ex=330x330,http://global.rakuten.com/en/store/auc-elehelm-hatstore/item/m6955-023/?s-id=borderless_browsehist_en
Hat_beret_Hat_ladies,http://thumbnail.image.rakuten.co.jp/@0_mall/auc-elehelm-hatstore/cabinet/item/4/w6200-022_2.jpg?_ex=330x330,http://global.rakuten.com/en/store/auc-elehelm-hatstore/item/w6200-022/?s-id=borderless_recommend_item_en